--
-- PostgreSQL database dump
--

\restrict mbQlolTXNboKPOqu2zmpTjNVglEoDmKfJUvExf55v2IJmaw3SoXwKlhKFHsUx6d

-- Dumped from database version 17.9
-- Dumped by pg_dump version 17.9

SET statement_timeout = 0;
SET lock_timeout = 0;
SET idle_in_transaction_session_timeout = 0;
SET transaction_timeout = 0;
SET client_encoding = 'UTF8';
SET standard_conforming_strings = on;
SELECT pg_catalog.set_config('search_path', '', false);
SET check_function_bodies = false;
SET xmloption = content;
SET client_min_messages = warning;
SET row_security = off;

--
-- Name: uuid-ossp; Type: EXTENSION; Schema: -; Owner: -
--

CREATE EXTENSION IF NOT EXISTS "uuid-ossp" WITH SCHEMA public;


--
-- Name: EXTENSION "uuid-ossp"; Type: COMMENT; Schema: -; Owner: 
--

COMMENT ON EXTENSION "uuid-ossp" IS 'generate universally unique identifiers (UUIDs)';


--
-- Name: leaves_leavetype_enum; Type: TYPE; Schema: public; Owner: postgres
--

CREATE TYPE public.leaves_leavetype_enum AS ENUM (
    'CASUAL',
    'SICK',
    'WORK_FROM_HOME'
);


ALTER TYPE public.leaves_leavetype_enum OWNER TO postgres;

--
-- Name: leaves_status_enum; Type: TYPE; Schema: public; Owner: postgres
--

CREATE TYPE public.leaves_status_enum AS ENUM (
    'PENDING',
    'APPROVED',
    'REJECTED'
);


ALTER TYPE public.leaves_status_enum OWNER TO postgres;

--
-- Name: users_role_enum; Type: TYPE; Schema: public; Owner: postgres
--

CREATE TYPE public.users_role_enum AS ENUM (
    'ADMIN',
    'EMPLOYEE'
);


ALTER TYPE public.users_role_enum OWNER TO postgres;

SET default_tablespace = '';

SET default_table_access_method = heap;

--
-- Name: departments; Type: TABLE; Schema: public; Owner: postgres
--

CREATE TABLE public.departments (
    id uuid DEFAULT public.uuid_generate_v4() NOT NULL,
    name character varying(100) NOT NULL,
    description character varying(500) NOT NULL,
    "createdAt" timestamp without time zone DEFAULT now() NOT NULL,
    "updatedAt" timestamp without time zone DEFAULT now() NOT NULL
);


ALTER TABLE public.departments OWNER TO postgres;

--
-- Name: employees; Type: TABLE; Schema: public; Owner: postgres
--

CREATE TABLE public.employees (
    id uuid DEFAULT public.uuid_generate_v4() NOT NULL,
    "employeeCode" character varying NOT NULL,
    name character varying(100) NOT NULL,
    email character varying NOT NULL,
    phone character varying(20) NOT NULL,
    designation character varying(100) NOT NULL,
    "joiningDate" date NOT NULL,
    "createdAt" timestamp without time zone DEFAULT now() NOT NULL,
    "updatedAt" timestamp without time zone DEFAULT now() NOT NULL,
    "departmentId" uuid NOT NULL,
    "userId" uuid,
    "profileImage" character varying
);


ALTER TABLE public.employees OWNER TO postgres;

--
-- Name: leaves; Type: TABLE; Schema: public; Owner: postgres
--

CREATE TABLE public.leaves (
    id uuid DEFAULT public.uuid_generate_v4() NOT NULL,
    "startDate" date NOT NULL,
    "endDate" date NOT NULL,
    reason character varying(500) NOT NULL,
    "leaveType" public.leaves_leavetype_enum NOT NULL,
    status public.leaves_status_enum DEFAULT 'PENDING'::public.leaves_status_enum NOT NULL,
    "createdAt" timestamp without time zone DEFAULT now() NOT NULL,
    "updatedAt" timestamp without time zone DEFAULT now() NOT NULL,
    "employeeId" uuid NOT NULL
);


ALTER TABLE public.leaves OWNER TO postgres;

--
-- Name: users; Type: TABLE; Schema: public; Owner: postgres
--

CREATE TABLE public.users (
    id uuid DEFAULT public.uuid_generate_v4() NOT NULL,
    email character varying(255) NOT NULL,
    password character varying(255) NOT NULL,
    role public.users_role_enum DEFAULT 'EMPLOYEE'::public.users_role_enum NOT NULL,
    "isActive" boolean DEFAULT true NOT NULL,
    "createdAt" timestamp without time zone DEFAULT now() NOT NULL,
    "updatedAt" timestamp without time zone DEFAULT now() NOT NULL,
    "resetToken" character varying(255),
    "resetTokenExpiry" timestamp without time zone
);


ALTER TABLE public.users OWNER TO postgres;

--
-- Data for Name: departments; Type: TABLE DATA; Schema: public; Owner: postgres
--

COPY public.departments (id, name, description, "createdAt", "updatedAt") FROM stdin;
560443a5-d879-4ead-9251-e4ee49073ed3	Information Technology	Software development and support	2026-06-11 20:28:21.763959	2026-06-11 20:28:21.763959
fe93617f-9488-42d3-9073-380c9c9bf618	Finance	Accounts and payroll	2026-06-11 20:28:31.707667	2026-06-11 20:28:31.707667
648bc34f-0813-4b89-bf46-72ad11d9fb8b	Human Resources	Handles Employee management	2026-06-11 20:28:03.253389	2026-06-17 23:57:20.076005
200f7314-3661-46d9-a67c-9adc9e6c8597	Operations	Business operations	2026-06-11 20:28:39.624917	2026-06-23 00:17:43.036955
20018fea-8874-4fc6-a7e3-d62b0a619ab4	Marketing	Brand promotion and marketing campaigns	2026-06-26 14:58:17.624945	2026-06-26 14:58:17.624945
aaec06ed-10cc-4d42-8462-da87fcd21dde	Sales	Customer acquisition and revenue generation	2026-06-26 14:58:17.750416	2026-06-26 14:58:17.750416
ed9c7da2-f224-4d22-aea8-0222433931c0	Research and Development	Product innovation and technology research	2026-06-26 14:58:17.869417	2026-06-26 14:58:17.869417
7e3f8217-c54a-459a-84ed-69f4b26463ef	Customer Support	Customer service and issue resolution	2026-06-26 14:58:17.934325	2026-06-26 14:58:17.934325
13650a2f-e8f7-4a6b-bdb7-10c458c08626	Quality Assurance	Product quality testing and compliance	2026-06-26 14:58:17.988275	2026-06-26 14:58:17.988275
540f0aca-2ae0-40bc-80df-9e21178e8a0f	Procurement	Purchasing and vendor management	2026-06-26 14:58:18.060544	2026-06-26 14:58:18.060544
f5ed77f7-6e04-4cc3-875c-ce626ef7c33e	Legal	Legal compliance and contract management	2026-06-26 14:58:18.107167	2026-06-26 14:58:18.107167
071c4c8d-da05-47a3-a94b-8412fcbeb9fc	Administration	Administrative and office management	2026-06-26 14:58:18.179722	2026-06-26 14:58:18.179722
3fc7666e-acb3-440a-a1a4-79285d1040cb	Training and Development	Employee learning and skill development	2026-06-26 14:58:18.225653	2026-06-26 14:58:18.225653
817c42bd-493e-4611-ac51-9d59526b7de7	Business Intelligence	Data analytics and business reporting	2026-06-26 14:58:18.293755	2026-06-26 14:58:18.293755
f2ee4730-8344-493c-ba37-233789dca46e	Project Management Office	Project governance and delivery management	2026-06-26 14:58:18.340463	2026-06-26 14:58:18.340463
\.


--
-- Data for Name: employees; Type: TABLE DATA; Schema: public; Owner: postgres
--

COPY public.employees (id, "employeeCode", name, email, phone, designation, "joiningDate", "createdAt", "updatedAt", "departmentId", "userId", "profileImage") FROM stdin;
7bdc1e4a-101b-4f40-b009-018150470adb	EMP017	Employee 17	employee17@gmail.com	9876500017	Marketing Executive	2026-01-17	2026-06-26 15:10:50.843204	2026-06-26 15:10:50.843204	20018fea-8874-4fc6-a7e3-d62b0a619ab4	e00dcd2c-22d1-4d33-944f-6ff2a18675c6	\N
ee0ac73d-6dd1-43dc-916a-205ad8b3aba2	EMP018	Employee 18	employee18@gmail.com	9876500018	Sales Executive	2026-01-18	2026-06-26 15:10:50.997703	2026-06-26 15:10:50.997703	aaec06ed-10cc-4d42-8462-da87fcd21dde	319d6ea9-e06a-4e2a-b88b-ccbe079eed74	\N
78deffbf-88e7-417b-9734-8c7488919440	EMP002	Rahul Kumar	rahul@gmail.com	9876543211	QA Engineer	2026-06-12	2026-06-23 00:06:58.701973	2026-06-23 00:06:58.701973	560443a5-d879-4ead-9251-e4ee49073ed3	36b5381f-e149-4962-abd2-fd53ac24a8c6	\N
c6415dde-5f9e-4a8b-8bd5-b109fbb97685	EMP003	Priya Sharma	priya@gmail.com	9876543212	HR Executive	2026-01-10	2026-06-23 00:06:58.804283	2026-06-23 00:06:58.804283	648bc34f-0813-4b89-bf46-72ad11d9fb8b	1d95e234-5ebe-442c-85ea-5a5a4a994994	\N
9d9000ba-8cb3-45f4-8806-51d3eb8a956c	EMP004	John David	john@gmail.com	9876543213	Backend Developer	2026-02-15	2026-06-23 00:06:58.891604	2026-06-23 00:06:58.891604	560443a5-d879-4ead-9251-e4ee49073ed3	2e2fc7d2-5d0a-46cb-b643-3b25ef1dfb0f	\N
ce14c092-058f-4914-802b-7988cba719dc	EMP005	Arun Kumar	arun@gmail.com	9876543214	Frontend Developer	2026-03-01	2026-06-23 00:06:58.979376	2026-06-23 00:06:58.979376	560443a5-d879-4ead-9251-e4ee49073ed3	48bb49e6-f191-4f71-9afa-05f05a25f862	\N
3651a276-322b-492d-ae0f-c834995f44b7	EMP006	Meena R	meena@gmail.com	9876543215	Accountant	2026-01-20	2026-06-23 00:06:59.06628	2026-06-23 00:06:59.06628	fe93617f-9488-42d3-9073-380c9c9bf618	2256ec76-921b-4c88-97ef-fc75143c17a9	\N
dbf0123c-c065-49fd-a2b1-1ce0d0628998	EMP007	Vikram S	vikram@gmail.com	9876543216	Finance Analyst	2026-04-05	2026-06-23 00:06:59.162949	2026-06-23 00:06:59.162949	fe93617f-9488-42d3-9073-380c9c9bf618	36a38b26-bb68-4155-b178-13199252dc40	\N
21fa86bd-2581-4379-ab19-54735e68951d	EMP008	Sneha P	sneha@gmail.com	9876543217	Operations Manager	2026-02-28	2026-06-23 00:06:59.248269	2026-06-23 00:06:59.248269	200f7314-3661-46d9-a67c-9adc9e6c8597	37a52ba8-32c0-47ed-baf7-9f9e94c59cf2	\N
58faac0f-4763-4089-a2c1-9c3569ca5416	EMP009	Karthik N	karthik@gmail.com	9876543218	Operations Executive	2026-05-12	2026-06-23 00:06:59.334965	2026-06-23 00:06:59.334965	200f7314-3661-46d9-a67c-9adc9e6c8597	2d52d327-2be0-4ac9-bdad-02f7e8296b20	\N
2a9473eb-802d-4ab6-9580-beac5a53b289	EMP010	Divya S	divya@gmail.com	9876543219	Recruiter	2026-03-25	2026-06-23 00:06:59.431661	2026-06-23 00:06:59.431661	648bc34f-0813-4b89-bf46-72ad11d9fb8b	d0a4d88c-9cae-4cf5-beb5-2d7a12bd9945	\N
ede8e270-b1c5-4926-ba0a-0b00d9a80afe	EMP011	Santhosh V	santhosh@gmail.com	985754562	Full Stack Developer	2026-02-05	2026-06-23 00:10:02.739577	2026-06-23 00:10:02.739577	560443a5-d879-4ead-9251-e4ee49073ed3	c122047d-0697-49b5-9c6f-17bdb7119b12	\N
9f7a1564-a2f2-4fea-a779-c18cc35a8a49	EMP019	Employee 19	employee19@gmail.com	9876500019	QA Engineer	2026-01-19	2026-06-26 15:10:51.163508	2026-06-26 15:10:51.163508	13650a2f-e8f7-4a6b-bdb7-10c458c08626	addee878-d963-41b6-9e51-43cb012d95cc	\N
2dec25eb-4fc6-4738-8cef-7ee0e88adb50	EMP012	Employee 12	employee12@gmail.com	9876500012	Software Engineer	2026-01-12	2026-06-26 15:10:50.015222	2026-06-26 15:10:50.015222	560443a5-d879-4ead-9251-e4ee49073ed3	b6b17cde-01f1-4c96-875c-7b005c4e035a	\N
2012a53b-4188-4926-ad5a-5708eea6121f	EMP013	Employee 13	employee13@gmail.com	9876500013	Backend Developer	2026-01-13	2026-06-26 15:10:50.177505	2026-06-26 15:10:50.177505	560443a5-d879-4ead-9251-e4ee49073ed3	e0cf5f1b-978f-4ecc-bd60-b146c34fb2c1	\N
09f3d517-6f79-4604-bec8-72a90f35b1f8	EMP014	Employee 14	employee14@gmail.com	9876500014	HR Executive	2026-01-14	2026-06-26 15:10:50.344504	2026-06-26 15:10:50.344504	648bc34f-0813-4b89-bf46-72ad11d9fb8b	e7bd35f8-3b10-4cca-b1d7-e32cf60c0738	\N
30e19b3e-e9f1-47da-b614-c6d41c4accd3	EMP015	Employee 15	employee15@gmail.com	9876500015	Finance Analyst	2026-01-15	2026-06-26 15:10:50.521958	2026-06-26 15:10:50.521958	fe93617f-9488-42d3-9073-380c9c9bf618	f0b86c49-9164-42d8-8533-9ed410a17394	\N
49890fae-0315-4d0b-8e4e-3f7bf883027c	EMP016	Employee 16	employee16@gmail.com	9876500016	Operations Executive	2026-01-16	2026-06-26 15:10:50.69611	2026-06-26 15:10:50.69611	200f7314-3661-46d9-a67c-9adc9e6c8597	03f29b18-ed70-4d64-94c4-d0867a3fdf24	\N
c7d91144-936b-4d41-a221-5089f96dc577	EMP020	Employee 20	employee20@gmail.com	9876500020	Support Executive	2026-01-20	2026-06-26 15:10:51.32204	2026-06-26 15:10:51.32204	7e3f8217-c54a-459a-84ed-69f4b26463ef	c221c3f0-288e-4391-8f78-7c7b203d0918	\N
3c12b393-4d95-4cad-af4d-5e92ab3042a1	EMP021	Employee 21	employee21@gmail.com	9876500021	Procurement Executive	2026-01-21	2026-06-26 15:10:51.471312	2026-06-26 15:10:51.471312	540f0aca-2ae0-40bc-80df-9e21178e8a0f	21926f9a-75fb-4ad8-ba55-3bec98da5085	\N
d5b2ed1e-73eb-4928-8309-f3e52a4742b2	EMP022	Employee 22	employee22@gmail.com	9876500022	Legal Advisor	2026-01-22	2026-06-26 15:10:51.643832	2026-06-26 15:10:51.643832	f5ed77f7-6e04-4cc3-875c-ce626ef7c33e	07d6145b-99df-439a-afe7-34e5b2bd3b06	\N
eda07a1c-337d-4983-ad05-c17331d81ac1	EMP023	Employee 23	employee23@gmail.com	9876500023	Admin Executive	2026-01-23	2026-06-26 15:10:51.792355	2026-06-26 15:10:51.792355	071c4c8d-da05-47a3-a94b-8412fcbeb9fc	ecf4b79d-1699-4677-bed9-2085b4ebdb9f	\N
e080732d-0e51-464e-856a-bd01731d84fd	EMP024	Employee 24	employee24@gmail.com	9876500024	Trainer	2026-01-24	2026-06-26 15:10:51.940888	2026-06-26 15:10:51.940888	3fc7666e-acb3-440a-a1a4-79285d1040cb	cde3c337-7dfb-4001-8ad1-605af571f1ea	\N
c91c716f-9340-419c-858c-0ffc655c1f7a	EMP025	Employee 25	employee25@gmail.com	9876500025	Business Analyst	2026-01-25	2026-06-26 15:10:52.100159	2026-06-26 15:10:52.100159	817c42bd-493e-4611-ac51-9d59526b7de7	f60684f1-b43a-4faa-b003-8e2af039f444	\N
f900a84f-a6b2-4a50-abc9-015820fa3489	EMP026	Employee 26	employee26@gmail.com	9876500026	Project Manager	2026-01-26	2026-06-26 15:10:52.271721	2026-06-26 15:10:52.271721	f2ee4730-8344-493c-ba37-233789dca46e	08ef2586-384c-4dd6-869e-357b4d3ee006	\N
b4a96fa5-eb7e-407d-b038-208cd1d1bcad	EMP027	Employee 27	employee27@gmail.com	9876500027	Software Engineer	2026-01-27	2026-06-26 15:12:26.825241	2026-06-26 15:12:26.825241	560443a5-d879-4ead-9251-e4ee49073ed3	9af06706-ad7a-471e-9e20-2dca5771e27a	\N
6e6cc4af-dd9a-4a25-8ef4-d4992fc98df9	EMP028	Employee 28	employee28@gmail.com	9876500028	Backend Developer	2026-01-28	2026-06-26 15:12:26.998715	2026-06-26 15:12:26.998715	560443a5-d879-4ead-9251-e4ee49073ed3	cbd29fd0-ff8a-4eaf-8ef4-4441a23966af	\N
0bd550bc-9319-4df7-be97-d19c3667fbb0	EMP029	Employee 29	employee29@gmail.com	9876500029	HR Executive	2026-01-29	2026-06-26 15:12:27.156461	2026-06-26 15:12:27.156461	648bc34f-0813-4b89-bf46-72ad11d9fb8b	9fd36baa-b629-4f33-85f7-e375d28d6995	\N
a2c96872-975d-4bd9-9f6f-1af81971dbd3	EMP030	Employee 30	employee30@gmail.com	9876500030	Finance Analyst	2026-01-30	2026-06-26 15:12:27.329598	2026-06-26 15:12:27.329598	fe93617f-9488-42d3-9073-380c9c9bf618	5ba8373b-40af-4839-9b90-d0bc16ea4462	\N
a17466f5-0461-441f-9dae-b94f34198cff	EMP031	Employee 31	employee31@gmail.com	9876500031	Operations Executive	2026-01-31	2026-06-26 15:12:27.506428	2026-06-26 15:12:27.506428	200f7314-3661-46d9-a67c-9adc9e6c8597	fdc8f2c5-8a40-4f51-8a0b-8935bce07ea4	\N
7e52229b-12f3-4c20-8168-6f0c3d17df20	EMP032	Employee 32	employee32@gmail.com	9876500032	Marketing Executive	2026-02-01	2026-06-26 15:12:27.66081	2026-06-26 15:12:27.66081	20018fea-8874-4fc6-a7e3-d62b0a619ab4	8da7b9a4-5375-436c-ad75-72343423a08c	\N
66422eb9-c777-4d63-8654-7a9f7beab5bb	EMP033	Employee 33	employee33@gmail.com	9876500033	Sales Executive	2026-02-02	2026-06-26 15:12:27.822093	2026-06-26 15:12:27.822093	aaec06ed-10cc-4d42-8462-da87fcd21dde	201d4891-dc0b-4079-ae83-9bc8352c2dcf	\N
4d730e5a-34af-484b-bd2b-d4c2b62e82e8	EMP034	Employee 34	employee34@gmail.com	9876500034	QA Engineer	2026-02-03	2026-06-26 15:12:27.985053	2026-06-26 15:12:27.985053	13650a2f-e8f7-4a6b-bdb7-10c458c08626	d47be34d-fa78-4d58-9929-3e915309c0a5	\N
23f34ea2-bbcd-41be-b433-96b3da8a8c78	EMP035	Employee 35	employee35@gmail.com	9876500035	Support Executive	2026-02-04	2026-06-26 15:12:28.13967	2026-06-26 15:12:28.13967	7e3f8217-c54a-459a-84ed-69f4b26463ef	2453ce93-e47d-43b3-9a8c-0f3f07cebb47	\N
395c4efc-1c00-40d6-9571-df15a94c9881	EMP036	Employee 36	employee36@gmail.com	9876500036	Procurement Executive	2026-02-05	2026-06-26 15:12:28.300812	2026-06-26 15:12:28.300812	540f0aca-2ae0-40bc-80df-9e21178e8a0f	e98b0843-aa86-4aab-9972-eebc957eaa08	\N
2b7ab6c2-c907-4890-87cb-0f1171229988	EMP037	Employee 37	employee37@gmail.com	9876500037	Legal Advisor	2026-02-06	2026-06-26 15:12:28.449702	2026-06-26 15:12:28.449702	f5ed77f7-6e04-4cc3-875c-ce626ef7c33e	ab88fc35-4117-4452-8cee-8b297ef117d0	\N
99522fc7-fb5a-4830-b0d0-61161da3d79b	EMP038	Employee 38	employee38@gmail.com	9876500038	Admin Executive	2026-02-07	2026-06-26 15:12:28.608273	2026-06-26 15:12:28.608273	071c4c8d-da05-47a3-a94b-8412fcbeb9fc	a636b269-b873-4131-bc26-217ef3e0a07a	\N
adfeccf3-fc68-4842-adb6-e5f1ff7fcec9	EMP039	Employee 39	employee39@gmail.com	9876500039	Trainer	2026-02-08	2026-06-26 15:12:28.788321	2026-06-26 15:12:28.788321	3fc7666e-acb3-440a-a1a4-79285d1040cb	645d583d-ad6d-4262-8fd7-c3de21ab7924	\N
eabca83a-5fcb-4c80-99cc-94bc4bfd418e	EMP040	Employee 40	employee40@gmail.com	9876500040	Business Analyst	2026-02-09	2026-06-26 15:12:28.943608	2026-06-26 15:12:28.943608	817c42bd-493e-4611-ac51-9d59526b7de7	e81b8182-18c9-48c2-a981-d5cfc8a17d4f	\N
509a7ec0-fd79-4912-8489-5e6eb3ab3edc	EMP041	Employee 41	employee41@gmail.com	9876500041	Project Manager	2026-02-10	2026-06-26 15:12:29.097403	2026-06-26 15:12:29.097403	f2ee4730-8344-493c-ba37-233789dca46e	0ebf0e2c-2cb5-42de-87d6-3ae03280c0af	\N
bc78e6ea-43ea-4ddf-a6dc-017406cd0b15	EMP042	Employee 42	employee42@gmail.com	9876500042	Software Engineer	2026-02-11	2026-06-26 15:13:59.14153	2026-06-26 15:13:59.14153	560443a5-d879-4ead-9251-e4ee49073ed3	9a610a8c-c583-48f0-9a12-af39d3d70d55	\N
0c18f646-1808-4241-897a-22b713fd4f0c	EMP043	Employee 43	employee43@gmail.com	9876500043	Backend Developer	2026-02-12	2026-06-26 15:13:59.300541	2026-06-26 15:13:59.300541	560443a5-d879-4ead-9251-e4ee49073ed3	c35ca2af-7b37-44c1-8f30-dc377942d144	\N
f412b8fc-a6ae-46e0-ba38-e70b10e2230d	EMP044	Employee 44	employee44@gmail.com	9876500044	HR Executive	2026-02-13	2026-06-26 15:13:59.475106	2026-06-26 15:13:59.475106	648bc34f-0813-4b89-bf46-72ad11d9fb8b	fc1db439-d643-477a-a542-069e5115c91b	\N
bab95ce0-4dd7-46a8-99eb-b418d84bdab9	EMP045	Employee 45	employee45@gmail.com	9876500045	Finance Analyst	2026-02-14	2026-06-26 15:13:59.654948	2026-06-26 15:13:59.654948	fe93617f-9488-42d3-9073-380c9c9bf618	102d4d9f-e5a5-4a1f-9fc8-99da9278ecf7	\N
2f96f2d0-8845-4ab4-9079-83fb75f33340	EMP046	Employee 46	employee46@gmail.com	9876500046	Operations Executive	2026-02-15	2026-06-26 15:13:59.832786	2026-06-26 15:13:59.832786	200f7314-3661-46d9-a67c-9adc9e6c8597	4d193d9a-f370-47bf-8a9e-9b61b889d0a5	\N
be863e4c-16f9-4898-9940-4149f7aaf474	EMP047	Employee 47	employee47@gmail.com	9876500047	Marketing Executive	2026-02-16	2026-06-26 15:13:59.984097	2026-06-26 15:13:59.984097	20018fea-8874-4fc6-a7e3-d62b0a619ab4	21643166-4582-49cb-9975-cb3eaabb4cf9	\N
e477ae44-30f9-4d13-929a-a9c6a9d58d5e	EMP048	Employee 48	employee48@gmail.com	9876500048	Sales Executive	2026-02-17	2026-06-26 15:14:00.154151	2026-06-26 15:14:00.154151	aaec06ed-10cc-4d42-8462-da87fcd21dde	3ef2aa10-6ecb-46bc-a915-9b2d38041446	\N
a32ab053-248c-4cd0-a92c-77f44e9515fb	EMP049	Employee 49	employee49@gmail.com	9876500049	QA Engineer	2026-02-18	2026-06-26 15:14:00.318883	2026-06-26 15:14:00.318883	13650a2f-e8f7-4a6b-bdb7-10c458c08626	8a4b039e-bfe1-4eb9-9834-9348d74b1461	\N
ae57438a-31de-4388-a3e6-846e8f70b818	EMP050	Employee 50	employee50@gmail.com	9876500050	Support Executive	2026-02-19	2026-06-26 15:14:00.476213	2026-06-26 15:14:00.476213	7e3f8217-c54a-459a-84ed-69f4b26463ef	bc3281af-9487-4d65-a352-cf9a14672db2	\N
a39d7338-e216-4da7-81a2-f654f282bbd5	EMP051	Employee 51	employee51@gmail.com	9876500051	Procurement Executive	2026-02-20	2026-06-26 15:14:00.626997	2026-06-26 15:14:00.626997	540f0aca-2ae0-40bc-80df-9e21178e8a0f	9a523b1e-a99e-473b-a83d-301bb19b572d	\N
7a4de706-7a9d-4591-83e3-8ec5ea10792d	EMP052	Employee 52	employee52@gmail.com	9876500052	Legal Advisor	2026-02-21	2026-06-26 15:14:00.785658	2026-06-26 15:14:00.785658	f5ed77f7-6e04-4cc3-875c-ce626ef7c33e	684e2d0a-77e6-4781-9131-dd63c4e1c236	\N
bd75f7bf-3662-41e2-a61d-33af4922734c	EMP053	Employee 53	employee53@gmail.com	9876500053	Admin Executive	2026-02-22	2026-06-26 15:14:00.943878	2026-06-26 15:14:00.943878	071c4c8d-da05-47a3-a94b-8412fcbeb9fc	be9274f4-b7cc-47e6-825c-12b505085754	\N
73f99ab9-4c6f-46c7-b3c7-5cb47997652d	EMP054	Employee 54	employee54@gmail.com	9876500054	Trainer	2026-02-23	2026-06-26 15:14:01.098282	2026-06-26 15:14:01.098282	3fc7666e-acb3-440a-a1a4-79285d1040cb	ab0fcb70-5a88-4684-950f-368cc5652298	\N
57133471-5797-44aa-bacd-2c4922bb490f	EMP055	Employee 55	employee55@gmail.com	9876500055	Business Analyst	2026-02-24	2026-06-26 15:14:01.253705	2026-06-26 15:14:01.253705	817c42bd-493e-4611-ac51-9d59526b7de7	46fbf7aa-6c75-44ca-878f-137eb64bf2fd	\N
6f61ce40-d4c9-40d4-8825-3eea19bb1712	EMP056	Employee 56	employee56@gmail.com	9876500056	Project Manager	2026-02-25	2026-06-26 15:14:01.401262	2026-06-26 15:14:01.401262	f2ee4730-8344-493c-ba37-233789dca46e	3901c198-6ead-4bb3-a7bb-f7f6caaabf03	\N
cb9268c8-a03e-4062-8e5c-3f4838290764	EMP057	Employee 57	employee57@gmail.com	9876500057	Software Engineer	2026-02-26	2026-06-26 15:14:01.563232	2026-06-26 15:14:01.563232	560443a5-d879-4ead-9251-e4ee49073ed3	8365892f-0c54-4d68-b339-3b8988742bd8	\N
6b50b092-ae63-430c-b513-8cfd485b9ea4	EMP058	Employee 58	employee58@gmail.com	9876500058	HR Executive	2026-02-27	2026-06-26 15:14:01.718675	2026-06-26 15:14:01.718675	648bc34f-0813-4b89-bf46-72ad11d9fb8b	5803d5ac-0ea2-4255-995c-5661dcb9dfa6	\N
51480c48-f136-4abd-ac1c-46fc27e5d7fe	EMP059	Employee 59	employee59@gmail.com	9876500059	Finance Analyst	2026-02-28	2026-06-26 15:14:01.889143	2026-06-26 15:14:01.889143	fe93617f-9488-42d3-9073-380c9c9bf618	f7f769cc-1026-4737-a1e9-f04c15de076f	\N
9060afa8-c6ef-42e8-afbe-52bd5238c6e2	EMP060	Employee 60	employee60@gmail.com	9876500060	Operations Executive	2026-03-01	2026-06-26 15:14:02.056073	2026-06-26 15:14:02.056073	200f7314-3661-46d9-a67c-9adc9e6c8597	25853a0e-8289-4aa0-aee0-ab5243861481	\N
e5fa7ced-4780-4925-9dba-0afe2477e3df	EMP061	Employee 61	employee61@gmail.com	9876500061	Marketing Executive	2026-03-02	2026-06-26 15:14:02.233179	2026-06-26 15:14:02.233179	20018fea-8874-4fc6-a7e3-d62b0a619ab4	339b8cae-2bdd-4b64-93f9-8ed1804ff383	\N
dd633caa-d21a-4fbe-9119-0f3085877f9d	EMP001	Anwarsha K	anwar@gmail.com	9629275690	Software Developer	2026-06-24	2026-06-22 20:37:33.093105	2026-06-28 23:57:19.263623	560443a5-d879-4ead-9251-e4ee49073ed3	e2fda3d0-5cec-49f5-9325-ab5f2b6206e2	1782549889735-3d-cartoon-portrait-person-practicing-law-related-profession_23-2151419548.jpg
\.


--
-- Data for Name: leaves; Type: TABLE DATA; Schema: public; Owner: postgres
--

COPY public.leaves (id, "startDate", "endDate", reason, "leaveType", status, "createdAt", "updatedAt", "employeeId") FROM stdin;
4560219a-e17e-4f47-a91e-cbf7755df427	2026-06-26	2026-06-26	I am Applying this leave to attend my sister's Marriage function.	CASUAL	APPROVED	2026-06-25 21:46:12.597404	2026-06-25 21:46:49.768349	dd633caa-d21a-4fbe-9119-0f3085877f9d
5053e732-994b-478f-9178-aa9a55cfc57f	2026-07-13	2026-08-13	Work From Home Request	WORK_FROM_HOME	REJECTED	2026-06-27 00:20:25.487368	2026-06-27 00:20:25.487368	7bdc1e4a-101b-4f40-b009-018150470adb
1836d3bd-7a06-4efb-a7b8-903b5051e990	2026-08-07	2026-07-06	Medical Emergency	CASUAL	REJECTED	2026-06-27 00:20:25.487368	2026-06-27 00:20:25.487368	6e6cc4af-dd9a-4a25-8ef4-d4992fc98df9
cc0df3c0-56e3-4aae-8e81-2162e6c55412	2026-08-09	2026-07-17	Marriage Function	WORK_FROM_HOME	REJECTED	2026-06-27 00:20:25.487368	2026-06-27 00:20:25.487368	ee0ac73d-6dd1-43dc-916a-205ad8b3aba2
f4b31676-8f3d-4940-b564-4afc6d043dbf	2026-07-20	2026-07-31	Family Function	SICK	APPROVED	2026-06-27 00:20:25.487368	2026-06-27 00:20:25.487368	ee0ac73d-6dd1-43dc-916a-205ad8b3aba2
1c266738-82f8-4deb-8bf1-c68b09a10e54	2026-08-09	2026-07-09	Vacation Trip	SICK	REJECTED	2026-06-27 00:20:25.487368	2026-06-27 00:20:25.487368	2a9473eb-802d-4ab6-9580-beac5a53b289
bf20b56e-63ee-469a-8333-9e550eaabc01	2026-08-02	2026-07-03	Personal Work	CASUAL	REJECTED	2026-06-27 00:20:25.487368	2026-06-27 00:20:25.487368	d5b2ed1e-73eb-4928-8309-f3e52a4742b2
0a1afff5-ebf1-436d-b91d-1c234bfdc8c4	2026-07-02	2026-08-07	Festival Celebration	WORK_FROM_HOME	PENDING	2026-06-27 00:20:25.487368	2026-06-27 00:20:25.487368	2012a53b-4188-4926-ad5a-5708eea6121f
e80c8de9-4c98-4c69-a4e4-7780353f8a12	2026-07-28	2026-07-30	Temple Visit	SICK	REJECTED	2026-06-27 00:20:25.487368	2026-06-27 00:20:25.487368	21fa86bd-2581-4379-ab19-54735e68951d
9ac721a8-6b8c-4e5c-9dab-34b7f087c0c8	2026-07-05	2026-07-30	Temple Visit	CASUAL	REJECTED	2026-06-27 00:20:25.487368	2026-06-27 00:20:25.487368	c7d91144-936b-4d41-a221-5089f96dc577
9371fb81-abac-46bd-a4f7-f43f977d2db6	2026-07-08	2026-07-08	Fever and Rest	WORK_FROM_HOME	PENDING	2026-06-27 00:20:25.487368	2026-06-27 00:20:25.487368	9d9000ba-8cb3-45f4-8806-51d3eb8a956c
f1f34172-950e-41e8-93af-7195f4d2627d	2026-08-11	2026-07-25	Medical Emergency	SICK	APPROVED	2026-06-27 00:20:25.487368	2026-06-27 00:20:25.487368	49890fae-0315-4d0b-8e4e-3f7bf883027c
0bab24f0-f7d7-4194-bd50-5c4fcc376a83	2026-06-30	2026-08-12	Temple Visit	CASUAL	APPROVED	2026-06-27 00:20:25.487368	2026-06-27 00:20:25.487368	2dec25eb-4fc6-4738-8cef-7ee0e88adb50
ee0e9bbd-2266-474f-bbdc-c5e1e569dd30	2026-07-20	2026-07-12	Sick Leave	SICK	APPROVED	2026-06-27 00:20:25.487368	2026-06-27 00:20:25.487368	30e19b3e-e9f1-47da-b614-c6d41c4accd3
98a45056-3ad3-41fc-b91e-e36c22995d52	2026-07-25	2026-08-02	Fever and Rest	CASUAL	PENDING	2026-06-27 00:20:25.487368	2026-06-27 00:20:25.487368	58faac0f-4763-4089-a2c1-9c3569ca5416
dd8ce8ab-d6f7-413c-b454-1a604a0c181b	2026-08-07	2026-08-01	Temple Visit	SICK	APPROVED	2026-06-27 00:20:25.487368	2026-06-27 00:20:25.487368	2a9473eb-802d-4ab6-9580-beac5a53b289
89df7971-6226-466f-ac59-99e36a2b254a	2026-08-19	2026-07-15	Work From Home Request	CASUAL	PENDING	2026-06-27 00:20:25.487368	2026-06-27 00:20:25.487368	d5b2ed1e-73eb-4928-8309-f3e52a4742b2
1e732738-d406-462d-9d17-9b6c23d9bcc6	2026-07-05	2026-07-19	Medical Emergency	WORK_FROM_HOME	APPROVED	2026-06-27 00:20:25.487368	2026-06-27 00:20:25.487368	f900a84f-a6b2-4a50-abc9-015820fa3489
a2ecfec4-3a2e-41ac-9f6a-4a21279c9b12	2026-08-22	2026-08-01	Work From Home Request	CASUAL	REJECTED	2026-06-27 00:20:25.487368	2026-06-27 00:20:25.487368	3651a276-322b-492d-ae0f-c834995f44b7
bca811d6-52f8-4f4d-b475-149297fd531b	2026-08-03	2026-08-25	Fever and Rest	WORK_FROM_HOME	REJECTED	2026-06-27 00:20:25.487368	2026-06-27 00:20:25.487368	0bd550bc-9319-4df7-be97-d19c3667fbb0
1b737e0e-e3cf-459a-873c-d05828ecb087	2026-07-03	2026-07-16	Fever and Rest	CASUAL	PENDING	2026-06-27 00:20:25.487368	2026-06-27 00:20:25.487368	9d9000ba-8cb3-45f4-8806-51d3eb8a956c
ef2da484-34e8-47c2-a38a-a3edbfb7298f	2026-08-17	2026-08-06	Work From Home Request	SICK	APPROVED	2026-06-27 00:20:25.487368	2026-06-27 00:20:25.487368	a2c96872-975d-4bd9-9f6f-1af81971dbd3
487b66b4-2b64-4fde-9170-a6c70f9f53dc	2026-07-06	2026-08-15	Temple Visit	SICK	PENDING	2026-06-27 00:20:25.487368	2026-06-27 00:20:25.487368	dbf0123c-c065-49fd-a2b1-1ce0d0628998
147e8cd8-63cc-4b9d-9a4f-85df1d4d8c0a	2026-07-08	2026-08-11	Marriage Function	SICK	APPROVED	2026-06-27 00:20:25.487368	2026-06-27 00:20:25.487368	c91c716f-9340-419c-858c-0ffc655c1f7a
c03ed137-7728-46f0-8fbe-02e41b9dae91	2026-08-06	2026-07-06	Festival Celebration	WORK_FROM_HOME	PENDING	2026-06-27 00:20:25.487368	2026-06-27 00:20:25.487368	9d9000ba-8cb3-45f4-8806-51d3eb8a956c
c40fed73-8a62-4653-9c9e-3b9bf1530436	2026-07-06	2026-08-27	Work From Home Request	WORK_FROM_HOME	PENDING	2026-06-27 00:20:25.487368	2026-06-27 00:20:25.487368	3651a276-322b-492d-ae0f-c834995f44b7
edc24bcc-20a5-4cd4-98b8-63a430e8535d	2026-08-25	2026-07-13	Marriage Function	SICK	APPROVED	2026-06-27 00:20:25.487368	2026-06-27 00:20:25.487368	21fa86bd-2581-4379-ab19-54735e68951d
582096fb-7903-44ec-be5a-7d2bf65153a6	2026-08-14	2026-08-17	Marriage Function	SICK	REJECTED	2026-06-27 00:20:25.487368	2026-06-27 00:20:25.487368	ee0ac73d-6dd1-43dc-916a-205ad8b3aba2
2411db6a-a0e1-4dad-9faf-5e1a4b2c6de8	2026-08-05	2026-07-19	Work From Home Request	SICK	APPROVED	2026-06-27 00:20:25.487368	2026-06-27 00:20:25.487368	7bdc1e4a-101b-4f40-b009-018150470adb
237bc321-2143-4e8e-96a5-fe15501f56c1	2026-08-04	2026-08-26	Family Function	CASUAL	PENDING	2026-06-27 00:20:25.487368	2026-06-27 00:20:25.487368	3c12b393-4d95-4cad-af4d-5e92ab3042a1
0a556140-d070-4bca-bfb1-8b2472870167	2026-07-04	2026-07-18	Family Function	CASUAL	PENDING	2026-06-27 00:20:25.487368	2026-06-27 00:20:25.487368	c6415dde-5f9e-4a8b-8bd5-b109fbb97685
10ef38f7-a365-4eaf-a08c-f2cf10a8b2ea	2026-07-03	2026-07-12	Sick Leave	SICK	PENDING	2026-06-27 00:20:25.487368	2026-06-27 00:20:25.487368	30e19b3e-e9f1-47da-b614-c6d41c4accd3
70531174-048c-4c9b-b6c1-e1a740d1ccc3	2026-07-26	2026-08-15	Festival Celebration	CASUAL	APPROVED	2026-06-27 00:20:25.487368	2026-06-27 00:20:25.487368	3c12b393-4d95-4cad-af4d-5e92ab3042a1
bff01ae5-cb7e-438b-a400-08eadc7e98ec	2026-07-22	2026-08-03	Vacation Trip	SICK	REJECTED	2026-06-27 00:20:25.487368	2026-06-27 00:20:25.487368	7bdc1e4a-101b-4f40-b009-018150470adb
d3077bb7-013d-4566-97b3-219ea90a59d2	2026-08-12	2026-08-04	Marriage Function	SICK	APPROVED	2026-06-27 00:20:25.487368	2026-06-27 00:20:25.487368	dbf0123c-c065-49fd-a2b1-1ce0d0628998
e2cddba5-9749-4748-b39b-33942cfea21f	2026-07-26	2026-08-07	Vacation Trip	CASUAL	REJECTED	2026-06-27 00:20:25.487368	2026-06-27 00:20:25.487368	b4a96fa5-eb7e-407d-b038-208cd1d1bcad
448a37c1-af9a-4f1f-9c2a-11f9fe869bc2	2026-07-01	2026-06-30	Personal Work	WORK_FROM_HOME	APPROVED	2026-06-27 00:20:25.487368	2026-06-27 00:20:25.487368	ce14c092-058f-4914-802b-7988cba719dc
41f33c8c-2824-4418-ad13-5840e9617497	2026-07-17	2026-07-06	Personal Work	SICK	APPROVED	2026-06-27 00:20:25.487368	2026-06-27 00:20:25.487368	09f3d517-6f79-4604-bec8-72a90f35b1f8
08789aa4-61df-4400-84f6-0a9a5f03243c	2026-08-06	2026-08-11	Personal Work	CASUAL	APPROVED	2026-06-27 00:20:25.487368	2026-06-27 00:20:25.487368	2a9473eb-802d-4ab6-9580-beac5a53b289
93fac0cf-1b08-42d9-b323-b2d4129e9a97	2026-08-09	2026-08-25	Vacation Trip	WORK_FROM_HOME	REJECTED	2026-06-27 00:20:25.487368	2026-06-27 00:20:25.487368	b4a96fa5-eb7e-407d-b038-208cd1d1bcad
59bd496c-8864-41ed-8bd0-af32fd418932	2026-08-04	2026-07-05	Medical Emergency	CASUAL	PENDING	2026-06-27 00:20:25.487368	2026-06-27 00:20:25.487368	0bd550bc-9319-4df7-be97-d19c3667fbb0
68bf132d-4c47-41c9-9bba-75a461d65d2b	2026-08-07	2026-07-31	Work From Home Request	WORK_FROM_HOME	APPROVED	2026-06-27 00:20:25.487368	2026-06-27 00:20:25.487368	a2c96872-975d-4bd9-9f6f-1af81971dbd3
2f315595-c357-4e92-8d1c-7e6336130e7d	2026-07-05	2026-08-22	Festival Celebration	WORK_FROM_HOME	APPROVED	2026-06-27 00:20:25.487368	2026-06-27 00:20:25.487368	2dec25eb-4fc6-4738-8cef-7ee0e88adb50
60c67fa4-7591-4bf2-b881-d6b5021d2181	2026-08-17	2026-07-14	Personal Work	CASUAL	REJECTED	2026-06-27 00:20:25.487368	2026-06-27 00:20:25.487368	b4a96fa5-eb7e-407d-b038-208cd1d1bcad
dee1dd75-f60d-4934-9d41-146500d4f03b	2026-07-24	2026-08-17	Medical Emergency	WORK_FROM_HOME	REJECTED	2026-06-27 00:20:25.487368	2026-06-27 00:20:25.487368	ee0ac73d-6dd1-43dc-916a-205ad8b3aba2
93d226ea-b617-4f9a-9d7d-498578ca8023	2026-07-22	2026-08-20	Family Function	SICK	PENDING	2026-06-27 00:20:25.487368	2026-06-27 00:20:25.487368	a2c96872-975d-4bd9-9f6f-1af81971dbd3
68753cfc-8e53-4ddd-91af-3cf3dc00c698	2026-07-27	2026-07-18	Personal Work	CASUAL	PENDING	2026-06-27 00:20:25.487368	2026-06-27 00:20:25.487368	30e19b3e-e9f1-47da-b614-c6d41c4accd3
0ac3881d-861f-45cc-a260-40516c179226	2026-07-06	2026-08-13	Family Function	WORK_FROM_HOME	APPROVED	2026-06-27 00:20:25.487368	2026-06-27 00:20:25.487368	dbf0123c-c065-49fd-a2b1-1ce0d0628998
a12f17a3-3f62-48ae-bfbf-b2cc85134a80	2026-07-19	2026-08-24	Personal Work	SICK	REJECTED	2026-06-27 00:20:25.487368	2026-06-27 00:20:25.487368	a17466f5-0461-441f-9dae-b94f34198cff
f96e2f5a-3531-4753-9d70-b7b24d50a75a	2026-07-29	2026-07-27	Festival Celebration	SICK	PENDING	2026-06-27 00:20:25.487368	2026-06-27 00:20:25.487368	6e6cc4af-dd9a-4a25-8ef4-d4992fc98df9
e85b376c-e553-4881-a8a8-d5cfd88c2463	2026-08-05	2026-07-07	Medical Emergency	CASUAL	REJECTED	2026-06-27 00:20:25.487368	2026-06-27 00:20:25.487368	3651a276-322b-492d-ae0f-c834995f44b7
6492b259-5b43-4d50-883b-c2ce38f955a3	2026-08-15	2026-07-28	Sick Leave	WORK_FROM_HOME	APPROVED	2026-06-27 00:20:25.487368	2026-06-27 00:20:25.487368	30e19b3e-e9f1-47da-b614-c6d41c4accd3
169f920a-979e-43bf-8a20-1e70e7b2d2ca	2026-08-07	2026-08-07	Family Function	CASUAL	PENDING	2026-06-27 00:20:25.487368	2026-06-27 00:20:25.487368	09f3d517-6f79-4604-bec8-72a90f35b1f8
7eec7831-2b68-405c-96cd-7f5c0b071411	2026-08-16	2026-08-11	Work From Home Request	SICK	PENDING	2026-06-27 00:20:25.487368	2026-06-27 00:20:25.487368	9d9000ba-8cb3-45f4-8806-51d3eb8a956c
6ec90cd2-18e7-4abf-ac6b-f329ea8ecc6f	2026-08-01	2026-08-05	Fever and Rest	CASUAL	REJECTED	2026-06-27 00:20:25.487368	2026-06-27 00:20:25.487368	0bd550bc-9319-4df7-be97-d19c3667fbb0
a4d5dc8c-8f30-4294-aed1-6bb8f6b0e696	2026-07-11	2026-07-17	Festival Celebration	SICK	REJECTED	2026-06-27 00:20:25.487368	2026-06-27 00:20:25.487368	7bdc1e4a-101b-4f40-b009-018150470adb
984a0190-024d-40d0-898b-40c63cf3f6b8	2026-08-23	2026-08-07	Medical Emergency	WORK_FROM_HOME	REJECTED	2026-06-27 00:20:25.487368	2026-06-27 00:20:25.487368	ede8e270-b1c5-4926-ba0a-0b00d9a80afe
85f7ff06-1b2f-4bd6-87b3-36b05eb3aa0b	2026-07-30	2026-07-27	Personal Work	SICK	REJECTED	2026-06-27 00:20:25.487368	2026-06-27 00:20:25.487368	7bdc1e4a-101b-4f40-b009-018150470adb
92fb6c41-9c79-479d-aca7-b45fbbf7c04d	2026-07-15	2026-08-27	Medical Emergency	CASUAL	PENDING	2026-06-27 00:20:25.487368	2026-06-27 00:20:25.487368	ede8e270-b1c5-4926-ba0a-0b00d9a80afe
5bb29d45-825a-42db-9fd2-426d6fc322a9	2026-07-28	2026-07-25	Personal Work	CASUAL	APPROVED	2026-06-27 00:20:25.487368	2026-06-27 00:20:25.487368	ee0ac73d-6dd1-43dc-916a-205ad8b3aba2
19f9dc21-d906-4a83-a6cb-478a1ee66071	2026-08-15	2026-08-02	Fever and Rest	WORK_FROM_HOME	APPROVED	2026-06-27 00:20:25.487368	2026-06-27 00:20:25.487368	e080732d-0e51-464e-856a-bd01731d84fd
c1dd0aa9-4195-4657-b791-70a013c14684	2026-08-05	2026-08-15	Vacation Trip	SICK	REJECTED	2026-06-27 00:20:25.487368	2026-06-27 00:20:25.487368	a17466f5-0461-441f-9dae-b94f34198cff
415de515-5945-42ff-9c1d-06b846d4febb	2026-08-15	2026-07-15	Marriage Function	WORK_FROM_HOME	APPROVED	2026-06-27 00:20:25.487368	2026-06-27 00:20:25.487368	a17466f5-0461-441f-9dae-b94f34198cff
74e15cbf-61e1-4564-a1a7-a422574faa43	2026-07-18	2026-08-04	Sick Leave	WORK_FROM_HOME	REJECTED	2026-06-27 00:20:25.487368	2026-06-27 00:20:25.487368	ee0ac73d-6dd1-43dc-916a-205ad8b3aba2
3ddb94d9-4f89-41c4-aa1d-d7b002523982	2026-08-19	2026-08-18	Marriage Function	WORK_FROM_HOME	APPROVED	2026-06-27 00:20:25.487368	2026-06-27 00:20:25.487368	3651a276-322b-492d-ae0f-c834995f44b7
58b7d9d2-4d84-4f39-9fae-042b3b53cbb7	2026-07-30	2026-08-26	Personal Work	SICK	PENDING	2026-06-27 00:20:25.487368	2026-06-27 00:20:25.487368	58faac0f-4763-4089-a2c1-9c3569ca5416
e1c40a4e-df3a-442f-a8f8-02cd44422b5c	2026-07-23	2026-07-15	Fever and Rest	WORK_FROM_HOME	REJECTED	2026-06-27 00:20:25.487368	2026-06-27 00:20:25.487368	9f7a1564-a2f2-4fea-a779-c18cc35a8a49
3ef3fc89-7b87-446d-b16e-7415dcaa5a26	2026-07-10	2026-08-28	Vacation Trip	CASUAL	PENDING	2026-06-27 00:20:25.487368	2026-06-27 00:20:25.487368	2012a53b-4188-4926-ad5a-5708eea6121f
8448a0c7-5f5b-4560-bd6e-8eace26366c3	2026-07-05	2026-07-14	Medical Emergency	SICK	PENDING	2026-06-27 00:20:25.487368	2026-06-27 00:20:25.487368	58faac0f-4763-4089-a2c1-9c3569ca5416
13346811-99f3-4655-b358-b0393dd6a3d2	2026-07-21	2026-08-13	Medical Emergency	WORK_FROM_HOME	APPROVED	2026-06-27 00:20:25.487368	2026-06-27 15:25:44.827507	7bdc1e4a-101b-4f40-b009-018150470adb
001b63ab-1482-441f-b948-a32d3624c0bc	2026-07-31	2026-08-03	Fever and Rest	SICK	APPROVED	2026-06-27 00:20:25.487368	2026-06-27 15:25:59.596898	7bdc1e4a-101b-4f40-b009-018150470adb
bcb6e06f-ac4a-41db-bd6a-6b7f3f63976b	2026-08-05	2026-07-27	Work From Home Request	WORK_FROM_HOME	REJECTED	2026-06-27 00:20:25.487368	2026-06-27 00:20:25.487368	3651a276-322b-492d-ae0f-c834995f44b7
5846c171-b305-4b44-a809-731e93cc6354	2026-08-22	2026-07-04	Marriage Function	WORK_FROM_HOME	APPROVED	2026-06-27 00:20:25.487368	2026-06-27 00:20:25.487368	d5b2ed1e-73eb-4928-8309-f3e52a4742b2
8ef5a808-0d46-46f1-a3e7-cc2ac0718cfd	2026-08-04	2026-08-19	Fever and Rest	SICK	REJECTED	2026-06-27 00:20:25.487368	2026-06-27 00:20:25.487368	f900a84f-a6b2-4a50-abc9-015820fa3489
767a58eb-6a25-4a22-8575-dd33eee336f8	2026-07-06	2026-07-07	Sick Leave	CASUAL	APPROVED	2026-06-27 00:20:25.487368	2026-06-27 00:20:25.487368	2dec25eb-4fc6-4738-8cef-7ee0e88adb50
86f7aa83-df24-4042-b06a-de27f5d45259	2026-07-21	2026-07-13	Temple Visit	SICK	APPROVED	2026-06-27 00:20:25.487368	2026-06-27 00:20:25.487368	9d9000ba-8cb3-45f4-8806-51d3eb8a956c
7e142645-ba54-461b-93a9-762fcf70c57c	2026-08-03	2026-08-04	Sick Leave	WORK_FROM_HOME	APPROVED	2026-06-27 00:20:25.487368	2026-06-27 00:20:25.487368	6e6cc4af-dd9a-4a25-8ef4-d4992fc98df9
8a9a1ed7-744f-43bf-894f-0c1d8dfac3c8	2026-07-29	2026-08-05	Festival Celebration	CASUAL	APPROVED	2026-06-27 00:20:25.487368	2026-06-27 00:20:25.487368	78deffbf-88e7-417b-9734-8c7488919440
ae632740-d023-46e4-8dd8-d4f06ccde077	2026-06-27	2026-07-02	Personal Work	SICK	REJECTED	2026-06-27 00:20:25.487368	2026-06-27 00:20:25.487368	b4a96fa5-eb7e-407d-b038-208cd1d1bcad
d8b33c80-73a5-47ae-994d-27844bc58d24	2026-07-13	2026-08-22	Sick Leave	WORK_FROM_HOME	APPROVED	2026-06-27 00:20:25.487368	2026-06-27 00:20:25.487368	49890fae-0315-4d0b-8e4e-3f7bf883027c
8c73b3e7-e5ab-42af-9883-fbc7931c9135	2026-08-05	2026-07-12	Sick Leave	CASUAL	REJECTED	2026-06-27 00:20:25.487368	2026-06-27 00:20:25.487368	3c12b393-4d95-4cad-af4d-5e92ab3042a1
911399e6-801e-4326-a661-2688c6c08920	2026-07-12	2026-08-17	Vacation Trip	WORK_FROM_HOME	REJECTED	2026-06-27 00:20:25.487368	2026-06-27 00:20:25.487368	e080732d-0e51-464e-856a-bd01731d84fd
ac335834-e7e8-4594-b0d9-3316d30fd424	2026-08-09	2026-07-20	Temple Visit	CASUAL	PENDING	2026-06-27 00:20:25.487368	2026-06-27 00:20:25.487368	9d9000ba-8cb3-45f4-8806-51d3eb8a956c
f393e6cf-e54d-4224-a355-d90958372441	2026-06-28	2026-08-20	Vacation Trip	SICK	REJECTED	2026-06-27 00:20:25.487368	2026-06-27 00:20:25.487368	6e6cc4af-dd9a-4a25-8ef4-d4992fc98df9
385f97d2-f58f-43da-960d-6c7a55fccabc	2026-07-29	2026-08-20	Sick Leave	SICK	APPROVED	2026-06-27 00:20:25.487368	2026-06-27 00:20:25.487368	30e19b3e-e9f1-47da-b614-c6d41c4accd3
0e2c44fd-0b31-4470-b72e-a825c3d449ff	2026-07-14	2026-08-15	Work From Home Request	WORK_FROM_HOME	REJECTED	2026-06-27 00:20:25.487368	2026-06-27 00:20:25.487368	c6415dde-5f9e-4a8b-8bd5-b109fbb97685
eaa868a9-abd1-44d2-80d7-dbcaabf4b1b5	2026-07-14	2026-08-19	Vacation Trip	WORK_FROM_HOME	PENDING	2026-06-27 00:20:25.487368	2026-06-27 00:20:25.487368	9f7a1564-a2f2-4fea-a779-c18cc35a8a49
92a30b6b-851e-4731-9b22-dc415e5754fb	2026-08-19	2026-08-26	Festival Celebration	WORK_FROM_HOME	PENDING	2026-06-27 00:20:25.487368	2026-06-27 00:20:25.487368	a17466f5-0461-441f-9dae-b94f34198cff
893122ba-0b8a-443d-bca7-cbb71d5095b2	2026-08-25	2026-07-01	Marriage Function	CASUAL	APPROVED	2026-06-27 00:20:25.487368	2026-06-27 00:20:25.487368	f900a84f-a6b2-4a50-abc9-015820fa3489
2eb62d9e-c328-4152-baf4-9bed2e0763d6	2026-07-28	2026-08-02	Medical Emergency	CASUAL	APPROVED	2026-06-27 00:20:25.487368	2026-06-27 00:20:25.487368	2012a53b-4188-4926-ad5a-5708eea6121f
c235796e-2f14-4ae3-a597-72ff0982e800	2026-07-01	2026-07-04	Vacation Trip	CASUAL	REJECTED	2026-06-27 00:20:25.487368	2026-06-27 00:20:25.487368	c6415dde-5f9e-4a8b-8bd5-b109fbb97685
fdb2d230-ee80-409e-bb2d-ec0dfcd622c8	2026-08-04	2026-07-03	Fever and Rest	SICK	REJECTED	2026-06-27 00:20:25.487368	2026-06-27 00:20:25.487368	e080732d-0e51-464e-856a-bd01731d84fd
8a2fe1f6-ae6a-4461-9147-7159c496f949	2026-06-28	2026-07-17	Medical Emergency	WORK_FROM_HOME	REJECTED	2026-06-27 00:20:25.487368	2026-06-27 00:20:25.487368	6e6cc4af-dd9a-4a25-8ef4-d4992fc98df9
b862790c-e6b7-4f38-b83b-f126a5e8bd48	2026-07-16	2026-07-16	Vacation Trip	SICK	APPROVED	2026-06-27 00:20:25.487368	2026-06-27 00:20:25.487368	dbf0123c-c065-49fd-a2b1-1ce0d0628998
34b5d9a3-7bd8-41d8-b0dc-f71974b14cf2	2026-08-19	2026-08-18	Personal Work	SICK	PENDING	2026-06-27 00:20:25.487368	2026-06-27 00:20:25.487368	3651a276-322b-492d-ae0f-c834995f44b7
214f4b30-7039-4ddb-b787-d9d8f7ddb953	2026-07-29	2026-07-26	Marriage Function	CASUAL	REJECTED	2026-06-27 00:20:25.487368	2026-06-27 00:20:25.487368	2a9473eb-802d-4ab6-9580-beac5a53b289
5f077f5c-d47b-49f3-8d8a-760602c3a4c6	2026-07-10	2026-08-07	Vacation Trip	WORK_FROM_HOME	APPROVED	2026-06-27 00:20:25.487368	2026-06-27 00:20:25.487368	eda07a1c-337d-4983-ad05-c17331d81ac1
483e3b6d-9422-4713-8c27-3b897bbacf87	2026-07-17	2026-08-25	Sick Leave	SICK	REJECTED	2026-06-27 00:20:25.487368	2026-06-27 00:20:25.487368	dbf0123c-c065-49fd-a2b1-1ce0d0628998
39aa4c8b-f147-441d-8706-290e02b74af9	2026-07-25	2026-08-22	Family Function	SICK	PENDING	2026-06-27 00:20:25.487368	2026-06-27 00:20:25.487368	b4a96fa5-eb7e-407d-b038-208cd1d1bcad
d1021c57-8bff-4337-b059-c6a1bc94bda8	2026-07-11	2026-08-08	Vacation Trip	CASUAL	REJECTED	2026-06-27 00:20:25.487368	2026-06-27 00:20:25.487368	b4a96fa5-eb7e-407d-b038-208cd1d1bcad
b4276dcb-bfaa-46a7-87d2-4db53996c97e	2026-08-22	2026-08-19	Fever and Rest	CASUAL	PENDING	2026-06-27 00:20:25.487368	2026-06-27 00:20:25.487368	2012a53b-4188-4926-ad5a-5708eea6121f
ae9d10f6-5014-4a04-be71-7085fd87dbad	2026-07-01	2026-07-02	Due to Rain	WORK_FROM_HOME	REJECTED	2026-06-27 00:54:27.149074	2026-06-27 15:25:53.899037	dd633caa-d21a-4fbe-9119-0f3085877f9d
bddc9ca2-244b-4bb9-9d9c-d38123ed21dd	2026-07-02	2026-07-02	Due to Fever	SICK	APPROVED	2026-06-29 00:01:38.589227	2026-06-29 00:02:01.016533	dd633caa-d21a-4fbe-9119-0f3085877f9d
\.


--
-- Data for Name: users; Type: TABLE DATA; Schema: public; Owner: postgres
--

COPY public.users (id, email, password, role, "isActive", "createdAt", "updatedAt", "resetToken", "resetTokenExpiry") FROM stdin;
03f29b18-ed70-4d64-94c4-d0867a3fdf24	employee16@gmail.com	$2b$10$og2r07hEhkpYPsWYCczA4eihcJNXeFNyEbh/FVQBX3HBvf22YuXsW	EMPLOYEE	t	2026-06-26 15:10:50.683773	2026-06-26 15:10:50.683773	\N	\N
e00dcd2c-22d1-4d33-944f-6ff2a18675c6	employee17@gmail.com	$2b$10$9EnWalHMVh6BtS/7QqSL1O8PibW3rt691gDsZUrZ9lgeOaXiBiO.G	EMPLOYEE	t	2026-06-26 15:10:50.837554	2026-06-26 15:10:50.837554	\N	\N
319d6ea9-e06a-4e2a-b88b-ccbe079eed74	employee18@gmail.com	$2b$10$frl9EGyq12mT24bD5qhh.uXZCXcERAhpAav0X9sIGNjeALNMy9cJS	EMPLOYEE	t	2026-06-26 15:10:50.986011	2026-06-26 15:10:50.986011	\N	\N
addee878-d963-41b6-9e51-43cb012d95cc	employee19@gmail.com	$2b$10$Hs5da2Ub7g14SDjO/aCFcuzWMQFad0Ep.1qUXMXj7HBQn6puQJOAy	EMPLOYEE	t	2026-06-26 15:10:51.155046	2026-06-26 15:10:51.155046	\N	\N
c221c3f0-288e-4391-8f78-7c7b203d0918	employee20@gmail.com	$2b$10$92A./zOuKt07wx90GZB87O9Pmg05p4M5fZArr7.IXIGq/75539NKi	EMPLOYEE	t	2026-06-26 15:10:51.311001	2026-06-26 15:10:51.311001	\N	\N
36b5381f-e149-4962-abd2-fd53ac24a8c6	rahul@gmail.com	$2b$10$tv0b.RMk3Yxy6qlMpAMBFutOWzmQ4nPRh4A85UhgFa5Z3dmlh67p.	EMPLOYEE	t	2026-06-23 00:06:58.66625	2026-06-23 00:06:58.66625	\N	\N
1d95e234-5ebe-442c-85ea-5a5a4a994994	priya@gmail.com	$2b$10$7oytuueX7Pg1dUa9vm.HkuUasV/T5SrtUqVNXlDZy0nl..7HwC5xW	EMPLOYEE	t	2026-06-23 00:06:58.797836	2026-06-23 00:06:58.797836	\N	\N
2e2fc7d2-5d0a-46cb-b643-3b25ef1dfb0f	john@gmail.com	$2b$10$ZxdOJGrNUfp5fn2r6HqjFuscFGr3EWo9prQ1nW1HP/xi66pfPeeVS	EMPLOYEE	t	2026-06-23 00:06:58.885567	2026-06-23 00:06:58.885567	\N	\N
48bb49e6-f191-4f71-9afa-05f05a25f862	arun@gmail.com	$2b$10$EK/C5vRFWcWKgcznjKSiu.rCYRCjPGUO4GdJFNTdLKiMy5.uP09h2	EMPLOYEE	t	2026-06-23 00:06:58.975989	2026-06-23 00:06:58.975989	\N	\N
2256ec76-921b-4c88-97ef-fc75143c17a9	meena@gmail.com	$2b$10$tsF0YOKYFpV/1xjunW9Fy.EaOOZYRZfRZrS5HehxyMy5TYUBJesWC	EMPLOYEE	t	2026-06-23 00:06:59.061861	2026-06-23 00:06:59.061861	\N	\N
36a38b26-bb68-4155-b178-13199252dc40	vikram@gmail.com	$2b$10$VgpOtpsyCkAJer58hqqTfu3itWNmkNWo5pXCZ47yPNlezUjPMv0/q	EMPLOYEE	t	2026-06-23 00:06:59.158905	2026-06-23 00:06:59.158905	\N	\N
37a52ba8-32c0-47ed-baf7-9f9e94c59cf2	sneha@gmail.com	$2b$10$s.ijCDesHgSsEIkGvUS/geX8bPwVooaQP8OsEd3.NYhc8tsQzmWg.	EMPLOYEE	t	2026-06-23 00:06:59.244657	2026-06-23 00:06:59.244657	\N	\N
2d52d327-2be0-4ac9-bdad-02f7e8296b20	karthik@gmail.com	$2b$10$hqYQzbdrHrwTipnNt62vfuQRTe5J7QejzfimDYwI9LLvG.qR0fwMe	EMPLOYEE	t	2026-06-23 00:06:59.330741	2026-06-23 00:06:59.330741	\N	\N
d0a4d88c-9cae-4cf5-beb5-2d7a12bd9945	divya@gmail.com	$2b$10$oWh.DmCgi.OBe.RP6j1jN.iKAokn.Cwe4x5zme2s2ZDw.B9D7.S9i	EMPLOYEE	t	2026-06-23 00:06:59.427217	2026-06-23 00:06:59.427217	\N	\N
c122047d-0697-49b5-9c6f-17bdb7119b12	santhosh@gmail.com	$2b$10$1UQ35oFuodvChNmVq9eipOsIT6xJbWVDrUIN22QxIamqEXUOLbLLq	EMPLOYEE	t	2026-06-23 00:10:02.731707	2026-06-23 00:10:02.731707	\N	\N
21926f9a-75fb-4ad8-ba55-3bec98da5085	employee21@gmail.com	$2b$10$6S.tYweru4.zwusr7EPzVuL3MdilBO3z5QpK6YxJ6wMHdgyg1UIuq	EMPLOYEE	t	2026-06-26 15:10:51.458988	2026-06-26 15:10:51.458988	\N	\N
07d6145b-99df-439a-afe7-34e5b2bd3b06	employee22@gmail.com	$2b$10$/zBt.RsTy3AyejnAf069WuJIrVs.6MuRVSoBjy2xH9X.2M7rc04Nu	EMPLOYEE	t	2026-06-26 15:10:51.631852	2026-06-26 15:10:51.631852	\N	\N
ecf4b79d-1699-4677-bed9-2085b4ebdb9f	employee23@gmail.com	$2b$10$e1163XnGcIUuWT8dRcn.9On4ck5TPJkDcM1En9.tOjtDfuMmq4quu	EMPLOYEE	t	2026-06-26 15:10:51.780945	2026-06-26 15:10:51.780945	\N	\N
cde3c337-7dfb-4001-8ad1-605af571f1ea	employee24@gmail.com	$2b$10$yV6/rdDDYk/8SuzZfHd4LuVy6tFhPOnt1B54ehurTjG71t4erNWPO	EMPLOYEE	t	2026-06-26 15:10:51.935427	2026-06-26 15:10:51.935427	\N	\N
f60684f1-b43a-4faa-b003-8e2af039f444	employee25@gmail.com	$2b$10$28LticN.3KP3MvnNlElEBeDFsJ/Shq9FKpzWAbB7X3rpLGExBvOTi	EMPLOYEE	t	2026-06-26 15:10:52.087843	2026-06-26 15:10:52.087843	\N	\N
08ef2586-384c-4dd6-869e-357b4d3ee006	employee26@gmail.com	$2b$10$wcAv.QbzDB8lYSOZOsb26OZ.3hWOBHDv9woF4QdLxXA0MihuQJxWO	EMPLOYEE	t	2026-06-26 15:10:52.26057	2026-06-26 15:10:52.26057	\N	\N
9af06706-ad7a-471e-9e20-2dca5771e27a	employee27@gmail.com	$2b$10$sXdtK7PcaII7LB8.QVCHgeP7Aggddz9bpdDn.F4DVq1eJAXW1LNV6	EMPLOYEE	t	2026-06-26 15:12:26.801129	2026-06-26 15:12:26.801129	\N	\N
cbd29fd0-ff8a-4eaf-8ef4-4441a23966af	employee28@gmail.com	$2b$10$7OOHPzpSd2vl/mtsHhEMpOXII/PAXhhsLpQM.hdjLHqJGODY2uaFm	EMPLOYEE	t	2026-06-26 15:12:26.98353	2026-06-26 15:12:26.98353	\N	\N
dc1223cf-1771-46c8-8f8f-6976fb51a89e	admin@gmail.com	$2b$10$Enkp/IoqfoAc09u4duiUFu5nVy1e90IRuRTg8O0lBC2tNx5MgCFp2	ADMIN	t	2026-06-10 15:22:36.173097	2026-06-25 19:56:48.340904	\N	\N
e2fda3d0-5cec-49f5-9325-ab5f2b6206e2	anwar@gmail.com	$2b$10$pJfrzog9O6TO/bLb3hZw/O3ZzaGO1HNx0g89dEhZAXS/eTMk3JS7W	EMPLOYEE	t	2026-06-22 20:37:33.079164	2026-06-26 14:47:23.886399	\N	\N
b6b17cde-01f1-4c96-875c-7b005c4e035a	employee12@gmail.com	$2b$10$OJEF3Ee/aiuGUyoBRGuDaOzvijHGPyziCX8yAIcqwwm4qor5trVYm	EMPLOYEE	t	2026-06-26 15:10:49.991459	2026-06-26 15:10:49.991459	\N	\N
e0cf5f1b-978f-4ecc-bd60-b146c34fb2c1	employee13@gmail.com	$2b$10$Htp54ovvy8tZu4Z3UbZ9E.pCr1W6o8pMULzEIb0qtrJ7CYp//WbQ6	EMPLOYEE	t	2026-06-26 15:10:50.164254	2026-06-26 15:10:50.164254	\N	\N
e7bd35f8-3b10-4cca-b1d7-e32cf60c0738	employee14@gmail.com	$2b$10$PFaLcH6Dol2.ImQITGf8yeIzb0wBwKGX.ymrTiMn4QixGydHYmBse	EMPLOYEE	t	2026-06-26 15:10:50.330003	2026-06-26 15:10:50.330003	\N	\N
f0b86c49-9164-42d8-8533-9ed410a17394	employee15@gmail.com	$2b$10$Ps50j63bBFDsZmarZ9ySr.hxOzdFNyL6CqoQeccwBcGeY2XJ0MULS	EMPLOYEE	t	2026-06-26 15:10:50.516243	2026-06-26 15:10:50.516243	\N	\N
9fd36baa-b629-4f33-85f7-e375d28d6995	employee29@gmail.com	$2b$10$IWIUMehDzfwEW8iEansJiOvmYwSR/e1HPJqIKnsUvDe8wLsWVK0A2	EMPLOYEE	t	2026-06-26 15:12:27.14351	2026-06-26 15:12:27.14351	\N	\N
5ba8373b-40af-4839-9b90-d0bc16ea4462	employee30@gmail.com	$2b$10$J28CtR2YbC9InUv1.dHFNetFWjzFOAcfxyBifshPyR3P04ZLSVUKm	EMPLOYEE	t	2026-06-26 15:12:27.323899	2026-06-26 15:12:27.323899	\N	\N
fdc8f2c5-8a40-4f51-8a0b-8935bce07ea4	employee31@gmail.com	$2b$10$XiUunvnG28x5Z5ipkBnjZe/SG/S/tb/zt1oCeRhB4CLg9sIGzKGOC	EMPLOYEE	t	2026-06-26 15:12:27.494492	2026-06-26 15:12:27.494492	\N	\N
8da7b9a4-5375-436c-ad75-72343423a08c	employee32@gmail.com	$2b$10$9MzXJ3Nmcp2aRcDPI46X1.bcIOt5rmLdENtXXhiIL2bNHs54g.5NW	EMPLOYEE	t	2026-06-26 15:12:27.648741	2026-06-26 15:12:27.648741	\N	\N
201d4891-dc0b-4079-ae83-9bc8352c2dcf	employee33@gmail.com	$2b$10$SN9iHz1y/Q3aoLxSdMnlA.nbHViy0DrI5yshLMnzo1yETJcftmNAG	EMPLOYEE	t	2026-06-26 15:12:27.810096	2026-06-26 15:12:27.810096	\N	\N
d47be34d-fa78-4d58-9929-3e915309c0a5	employee34@gmail.com	$2b$10$8W39mFe5AiMgb2faobxoQe5c6ch8m1J33Svsu5GjIf4pu6xvohsjy	EMPLOYEE	t	2026-06-26 15:12:27.972059	2026-06-26 15:12:27.972059	\N	\N
2453ce93-e47d-43b3-9a8c-0f3f07cebb47	employee35@gmail.com	$2b$10$VccYLG3lcIAfA5X3piRXdOcrEW2r/E0ONMii9xnvO7eAhHZa7dVq.	EMPLOYEE	t	2026-06-26 15:12:28.127911	2026-06-26 15:12:28.127911	\N	\N
e98b0843-aa86-4aab-9972-eebc957eaa08	employee36@gmail.com	$2b$10$b20XqLWcC7/yO1aEGy4Uueysmbh.pJcDhDVkEVJRG7nM0csUBuX3m	EMPLOYEE	t	2026-06-26 15:12:28.288828	2026-06-26 15:12:28.288828	\N	\N
ab88fc35-4117-4452-8cee-8b297ef117d0	employee37@gmail.com	$2b$10$24pX2pxYW03mI7UfccVwsOlXVxc2WMCa4S2A74uaUvFVyK0cfRxiu	EMPLOYEE	t	2026-06-26 15:12:28.43708	2026-06-26 15:12:28.43708	\N	\N
a636b269-b873-4131-bc26-217ef3e0a07a	employee38@gmail.com	$2b$10$gOA6IiZpmJJBb9sC5WXx2eYqg89VjMnFRGRSI0w/LYVyEE3IVkXQa	EMPLOYEE	t	2026-06-26 15:12:28.59749	2026-06-26 15:12:28.59749	\N	\N
645d583d-ad6d-4262-8fd7-c3de21ab7924	employee39@gmail.com	$2b$10$pZMRtWXPQw0xFOXzS7E/tupaTzR2wgMgVfYJutj.5Vr6d7I12EHQm	EMPLOYEE	t	2026-06-26 15:12:28.776508	2026-06-26 15:12:28.776508	\N	\N
e81b8182-18c9-48c2-a981-d5cfc8a17d4f	employee40@gmail.com	$2b$10$RIdpV/y4tMhSf9o11LuCfuugbFtDgHFAndIdg/WP3hCeqIjEfdYyy	EMPLOYEE	t	2026-06-26 15:12:28.931207	2026-06-26 15:12:28.931207	\N	\N
0ebf0e2c-2cb5-42de-87d6-3ae03280c0af	employee41@gmail.com	$2b$10$1cqjnh1YVgP8luOTp4cMqeb7ohdanIrtRqWvXlU21WqgG7rY6WQqy	EMPLOYEE	t	2026-06-26 15:12:29.086146	2026-06-26 15:12:29.086146	\N	\N
9a610a8c-c583-48f0-9a12-af39d3d70d55	employee42@gmail.com	$2b$10$AGfRjtZf6uA3aqgpISm.guGX5DZnPOjjTNGireIiEqwe01A2D22P6	EMPLOYEE	t	2026-06-26 15:13:59.118856	2026-06-26 15:13:59.118856	\N	\N
c35ca2af-7b37-44c1-8f30-dc377942d144	employee43@gmail.com	$2b$10$ndpVuYkeET6auzV.HmvkSOXNMRhH184EK1F6nCYy2yrHYDtQ/z5T.	EMPLOYEE	t	2026-06-26 15:13:59.286794	2026-06-26 15:13:59.286794	\N	\N
fc1db439-d643-477a-a542-069e5115c91b	employee44@gmail.com	$2b$10$3hpDCAL7ak/KC4NJ.JKqduAV73CKsFQW8f1KWosVFGixDp/B4XE3a	EMPLOYEE	t	2026-06-26 15:13:59.463005	2026-06-26 15:13:59.463005	\N	\N
102d4d9f-e5a5-4a1f-9fc8-99da9278ecf7	employee45@gmail.com	$2b$10$YPTiMhvUFjfszoWG0qahReLrxw3Nw2gji.7hV.NcIRm2deMuVAMRu	EMPLOYEE	t	2026-06-26 15:13:59.627056	2026-06-26 15:13:59.627056	\N	\N
4d193d9a-f370-47bf-8a9e-9b61b889d0a5	employee46@gmail.com	$2b$10$ODvbNSFaDwGdQaRxAsdEqevE60S5d39tyCdRMPfYsyamvZ67cdKiW	EMPLOYEE	t	2026-06-26 15:13:59.820194	2026-06-26 15:13:59.820194	\N	\N
21643166-4582-49cb-9975-cb3eaabb4cf9	employee47@gmail.com	$2b$10$EO0S/eEXml88l0fYz6D3UOHFHG3.CCl3d7g2fGXXxtks1syYuuzA.	EMPLOYEE	t	2026-06-26 15:13:59.978403	2026-06-26 15:13:59.978403	\N	\N
3ef2aa10-6ecb-46bc-a915-9b2d38041446	employee48@gmail.com	$2b$10$UM26w0F5yi/FPIqivzJMO.S/OFpK28c4ucxBu.7Wb9ZSHR5Q1OIM2	EMPLOYEE	t	2026-06-26 15:14:00.143044	2026-06-26 15:14:00.143044	\N	\N
8a4b039e-bfe1-4eb9-9834-9348d74b1461	employee49@gmail.com	$2b$10$1VeETa7yMqFIF4ac4zG57uieYvBBtkxpXCRVC1kTCp4qskgE7S4SC	EMPLOYEE	t	2026-06-26 15:14:00.300717	2026-06-26 15:14:00.300717	\N	\N
bc3281af-9487-4d65-a352-cf9a14672db2	employee50@gmail.com	$2b$10$IVHvFMQ1bbEGWs16wcT3MuFzk3VvX3Z2GvGuwgapSILpXxqXMCjY6	EMPLOYEE	t	2026-06-26 15:14:00.463593	2026-06-26 15:14:00.463593	\N	\N
9a523b1e-a99e-473b-a83d-301bb19b572d	employee51@gmail.com	$2b$10$ApnOT5vCTXb3QHmwdwmJ3ObDAAuH9VuG3jJ12Gu3WQLYv7sESYTMu	EMPLOYEE	t	2026-06-26 15:14:00.615901	2026-06-26 15:14:00.615901	\N	\N
684e2d0a-77e6-4781-9131-dd63c4e1c236	employee52@gmail.com	$2b$10$89qrdrU1tl35WI2KOOMCZ.3N8oJNkpnWC9WNpVqc0t3q.t47nXx86	EMPLOYEE	t	2026-06-26 15:14:00.773685	2026-06-26 15:14:00.773685	\N	\N
be9274f4-b7cc-47e6-825c-12b505085754	employee53@gmail.com	$2b$10$xXdooAOzervHIj4qpvVrFeENmS1ns5ggbLc45UUGMiyxcYoK31Yie	EMPLOYEE	t	2026-06-26 15:14:00.932592	2026-06-26 15:14:00.932592	\N	\N
ab0fcb70-5a88-4684-950f-368cc5652298	employee54@gmail.com	$2b$10$j3yVHSj6DPrwhXVinTFwqeCzXz0oePiJKxwfgk5jum6d2Bbzxx4VW	EMPLOYEE	t	2026-06-26 15:14:01.084889	2026-06-26 15:14:01.084889	\N	\N
46fbf7aa-6c75-44ca-878f-137eb64bf2fd	employee55@gmail.com	$2b$10$Khs/diWK1arJu.rgJdHld.Vl72oMHz2h13ZguJGixlABtSIhELr4u	EMPLOYEE	t	2026-06-26 15:14:01.242698	2026-06-26 15:14:01.242698	\N	\N
3901c198-6ead-4bb3-a7bb-f7f6caaabf03	employee56@gmail.com	$2b$10$/5ZQBdIjkSd3LkQINYXSfeD7.AMzcDTWLTSfUFSSXFrSY7DVuadf6	EMPLOYEE	t	2026-06-26 15:14:01.395743	2026-06-26 15:14:01.395743	\N	\N
8365892f-0c54-4d68-b339-3b8988742bd8	employee57@gmail.com	$2b$10$daYV1zoU9UfXuF4MbhvjkunoDT4qxFMr5VmZMRTMdMHzoofqFzOpm	EMPLOYEE	t	2026-06-26 15:14:01.551237	2026-06-26 15:14:01.551237	\N	\N
5803d5ac-0ea2-4255-995c-5661dcb9dfa6	employee58@gmail.com	$2b$10$BJ7QEULgo7kdrRf0VOh3z.kNH5YpF6Vidl1YqoiIa9rUEC1D.Gv3e	EMPLOYEE	t	2026-06-26 15:14:01.707603	2026-06-26 15:14:01.707603	\N	\N
f7f769cc-1026-4737-a1e9-f04c15de076f	employee59@gmail.com	$2b$10$Q6L9jTUKQY9EhCpGDpz2Gul5PFUDcabRF9wN8cpR9FR7HFw4agyiq	EMPLOYEE	t	2026-06-26 15:14:01.87701	2026-06-26 15:14:01.87701	\N	\N
25853a0e-8289-4aa0-aee0-ab5243861481	employee60@gmail.com	$2b$10$5Edk8tily4CttWT.ZK0OAuOfAl.ZnNeH38035TlCk4lTvwhlRfXwC	EMPLOYEE	t	2026-06-26 15:14:02.045134	2026-06-26 15:14:02.045134	\N	\N
339b8cae-2bdd-4b64-93f9-8ed1804ff383	employee61@gmail.com	$2b$10$SxFJPAwfS5MKIhYxsJ2O1OSt7s17PtQgpLk/rU9RoPQMkiF6PmkAe	EMPLOYEE	t	2026-06-26 15:14:02.217057	2026-06-26 15:14:02.217057	\N	\N
\.


--
-- Name: leaves PK_4153ec7270da3d07efd2e11e2a7; Type: CONSTRAINT; Schema: public; Owner: postgres
--

ALTER TABLE ONLY public.leaves
    ADD CONSTRAINT "PK_4153ec7270da3d07efd2e11e2a7" PRIMARY KEY (id);


--
-- Name: departments PK_839517a681a86bb84cbcc6a1e9d; Type: CONSTRAINT; Schema: public; Owner: postgres
--

ALTER TABLE ONLY public.departments
    ADD CONSTRAINT "PK_839517a681a86bb84cbcc6a1e9d" PRIMARY KEY (id);


--
-- Name: users PK_a3ffb1c0c8416b9fc6f907b7433; Type: CONSTRAINT; Schema: public; Owner: postgres
--

ALTER TABLE ONLY public.users
    ADD CONSTRAINT "PK_a3ffb1c0c8416b9fc6f907b7433" PRIMARY KEY (id);


--
-- Name: employees PK_b9535a98350d5b26e7eb0c26af4; Type: CONSTRAINT; Schema: public; Owner: postgres
--

ALTER TABLE ONLY public.employees
    ADD CONSTRAINT "PK_b9535a98350d5b26e7eb0c26af4" PRIMARY KEY (id);


--
-- Name: employees UQ_737991e10350d9626f592894cef; Type: CONSTRAINT; Schema: public; Owner: postgres
--

ALTER TABLE ONLY public.employees
    ADD CONSTRAINT "UQ_737991e10350d9626f592894cef" UNIQUE ("userId");


--
-- Name: employees UQ_765bc1ac8967533a04c74a9f6af; Type: CONSTRAINT; Schema: public; Owner: postgres
--

ALTER TABLE ONLY public.employees
    ADD CONSTRAINT "UQ_765bc1ac8967533a04c74a9f6af" UNIQUE (email);


--
-- Name: departments UQ_8681da666ad9699d568b3e91064; Type: CONSTRAINT; Schema: public; Owner: postgres
--

ALTER TABLE ONLY public.departments
    ADD CONSTRAINT "UQ_8681da666ad9699d568b3e91064" UNIQUE (name);


--
-- Name: users UQ_97672ac88f789774dd47f7c8be3; Type: CONSTRAINT; Schema: public; Owner: postgres
--

ALTER TABLE ONLY public.users
    ADD CONSTRAINT "UQ_97672ac88f789774dd47f7c8be3" UNIQUE (email);


--
-- Name: employees UQ_e3d0372d1ebe64cf827743666ce; Type: CONSTRAINT; Schema: public; Owner: postgres
--

ALTER TABLE ONLY public.employees
    ADD CONSTRAINT "UQ_e3d0372d1ebe64cf827743666ce" UNIQUE ("employeeCode");


--
-- Name: employees FK_4edfe103ebf2fcb98dbb582554b; Type: FK CONSTRAINT; Schema: public; Owner: postgres
--

ALTER TABLE ONLY public.employees
    ADD CONSTRAINT "FK_4edfe103ebf2fcb98dbb582554b" FOREIGN KEY ("departmentId") REFERENCES public.departments(id);


--
-- Name: employees FK_737991e10350d9626f592894cef; Type: FK CONSTRAINT; Schema: public; Owner: postgres
--

ALTER TABLE ONLY public.employees
    ADD CONSTRAINT "FK_737991e10350d9626f592894cef" FOREIGN KEY ("userId") REFERENCES public.users(id);


--
-- Name: leaves FK_d4278e2dd5d9673eac18b6ab6f8; Type: FK CONSTRAINT; Schema: public; Owner: postgres
--

ALTER TABLE ONLY public.leaves
    ADD CONSTRAINT "FK_d4278e2dd5d9673eac18b6ab6f8" FOREIGN KEY ("employeeId") REFERENCES public.employees(id);


--
-- PostgreSQL database dump complete
--

\unrestrict mbQlolTXNboKPOqu2zmpTjNVglEoDmKfJUvExf55v2IJmaw3SoXwKlhKFHsUx6d

